method,Precision@10,Recall@10,MRR
TF-IDF,0.68,0.29146570275602535,0.8166666666666668
TF-IDF + Rocchio Feedback,0.6599999999999999,0.28127589256621516,0.7333333333333333
LSI/SVD,0.7,0.3196115891277182,0.7101190476190476
BM25,0.82,0.41128684935136545,0.9333333333333332
BM25 + Query Expansion,0.7300000000000001,0.37059850543721506,0.861111111111111
